John Doe,30,john.doe@example.com
Jane Smith,25,jane.smith@example.com
Bob Johnson,40,bob.johnson@example.com
Alice Brown,28,alice.brown@example.com
Charlie Davis,35,charlie.davis@example.com
Eva Wilson,22,eva.wilson@example.com
George Harris,45,george.harris@example.com
Linda Clark,33,linda.clark@example.com
Michael Lewis,29,michael.lewis@example.com
Sarah Young,31,sarah.young@example.com
David Hall,37,david.hall@example.com
Olivia Allen,24,olivia.allen@example.com
James Wright,50,james.wright@example.com
Emily King,27,emily.king@example.com
Daniel Scott,32,daniel.scott@example.com
Sophia Adams,26,sophia.adams@example.com
Matthew Baker,39,matthew.baker@example.com
Grace Nelson,23,grace.nelson@example.com
Anthony Hill,41,anthony.hill@example.com
Isabella Rivera,21,isabella.rivera@example.com
